k202069 = Thomas Jahns <jahns@dkrz.de>
helmuth = Helmuth Haak <helmuth.haak@zmaw.de>
m221078 = Karl-Hermann Wieners <karl-hermann.wieners@zmaw.de>
m300015 = Mario Krapp <mario.krapp@zmaw.de>
stephan = Stephan Lorenz <stephan.lorenz@zmaw.de>
m211077 = Frank Roeske <roeske@dkrz.de>
luis    = Luis Kornblueh <luis.kornblueh@zmaw.de>
dirk    = Dirk Notz <dirk.notz@zmaw.de>
m211003 = Uwe Mikolajewicz <uwe.mikolajewicz@zmaw.de>
tinka   = Katharina Six <katharina.six@zmaw.de>
m211095 = Dimitry Sein <dimitry.sein@zmaw.de>
eleftheria = Eleftheria Exarchou <eleftheria.exarchou@zmaw.de>
pospiech = Christoph Pospiech <christoph.pospiech@de.ibm.com>
m224009 = Francesca Guglielmo <francesca.guglielmo@zmaw.de>
m211105 = Rosina Grimm <rosina.grimm@zmaw.de>
laura.niederdrenk = Anne Laura Niederdrenk <laura.niederdrenk@zmaw.de>
ismael  = Ismael Nunez-Riboni <ismael.nunez-riboni@zmaw.de>
irina   = Irina Fast <fast@dkrz.de>
monika  = Monika Esch <monika.esch@zmaw.de>
veronika = Veronika Gayler <veronika.gayler@zmaw.de>
reiner = Reiner Schnur <reiner.schnur@zmaw.de>
thomasraddatz = Thomas Raddatz <thomas.raddatz@zmaw.de>
borowski = Stefan Borowski <sborowski@hpce.nec.com>
sebastian = Sebastian Rast <sebastian.rast@maw.de>
christian = Christian Reick <christian.reick@zmaw.de>
marco = Marco Giorgetta <marco.giorgetta@zmaw.de>
silvia = Silvia Kloster <silvia.kloster@zmaw.de>
irene = Irene Stemmler <irene.stemmler@zmaw.de>
johannes = Johannes Quaas <johannes.quaas@zmaw.de>
uwe = Uwe Schulzweida <uwe.schulzweida@zmaw.de>
hauke = Hauke Schmidt <hauke.schmidt@zmaw.de>
jan = Jan Haerter <jan.haerter@zmaw.de>
harri = Harri Kokkola <harri.kokkola@fmi.fi>
ulrike = Niemeier Ulrike <ulrike.niemeier@zmaw.de>
philip = Philip Lorenz <philip.lorenz@zmaw.de>
daniel = Klocke Daniel <daniel.klocke@zmaw.de>
kai = Kai Zhang <kai.zhang@zmaw.d>
lucap = Luca Pozzoli <luca.pozzoli@zmaw.de>
rene = René Hommel <rene.hommel@zmaw.de>
ulrich = Ulrich Schlese <ulrich.schlese@zmaw.de>
declan = Declan O'Donnell <declan.odonnell@zmaw.de>
torsten = Torsten Weber <torsten.weber@zmaw.de>
sylvaine = Sylvaine Ferrachat <sylvaine.ferrachat@env.ethz.ch>
deike = Deike Kleberg <deike.kleberg@zmaw.de>
m219063 = Björn Stevens <bjorn.stevens@zmaw.de>
mpuetz = Mathias Pütz <mpuetz@de.ibm.com>
walter.sauf = Walter Sauf <walter.sauf@zmaw.de>
christine = Christine Nam <christine.nam@zmaw.de>
suvarchal = Survarchal Kumar <suvarchal.kumar@zmaw.de>
hui = Hui Wan <hui.wan@zmaw.de>
robert.pincus = Robert Pincus <robert.pincus@colorado.edu>
mauritsen = Thorsten Mauritsen <thorsten.mauritsen@zmaw.de>
marc = Marc Salzmann <marc.salzmann@zmaw.de>
luca = Luca Bonaventura <luca.bonaventura@zmaw.de>
thomas = Thomas Heinze <thomas.heinze@dwd.de>
pilar = Pilar Ripodas <maria-pilar.ripodas@dwd.de>
peter = Peter Korn <peter.korn@zmaw.de>
almut = Almut Gassmann <almut.gassmann@zmaw.de>
jfoerstn = Jochen Förstner <jochen.foerstner@dwd.de>
rmarco = Marco Restelli <marco.restelli@zmaw.de>
werner = Werner Bauer <werner.bauer@zmaw.de>
hundertm = Tobias Hundertmark <hundertm@uni-potsdam.de>
gzaengl = Guenther Zaengl <guenther.zaengl@dwd.de>
kristina = Kristina Froehlich <kristina.froehlich@zmaw.de>
holger = Holger NN <nn@unknown.org>
rainer = Rainer Johanni <rainer@johanni.de>
leonidas = Leonidas Linardakis <leonidas.linardakis@zmaw.de>
dreinert = Daniel Reinert <daniel.reinert@dwd.de>
florian = Florian Rauser <florian.rauser@zmaw.de>
ralf.mueller = Ralf Mueller <ralf.mueller@zmaw.de>
thorsten.reinhardt = Thorsten Reinhardt <thorsten.reinhardt@dwd.de>
jan.riehme = Jan Riehme <riehme@stce.rwth-aachen.de>
hasensio = Hermann Asensio <hermann.asensio@dwd.de>
constantin.junk = Constantin Junk <constantin.junk@zmaw.de>
harald.anlauf = Harald Anlauf <harald.anlauf@dwd.de>
martin.koehler = Martin Köhler <Martin.Koehler@dwd.de>
anurag.dipankar = Anurag Dipankar <anurag.dipankar@zmaw.de>
rene.redler = René Redler <rene.redler@zmaw.de>
juergen.helmert = Juergen Helmert <juergen.helmert@dwd.de>
florian.prill = Florian Prill <florian.prill@dwd.de>
vadym = Vadym Aizinger <vadym.aizinger@zmaw.de>
ekaterina.machulskaya = Ekaterina Machulskaya <ekaterina.machulskaya@dwd.de>
einar.olason = Einar Olason <einar.olason@zmaw.de>
sdanilov = Sergey Danilov <Sergey.Danilov@awi.de>
felix.rieper = Felix Rieper <rieper@iau.uni-frankfurt.de>
lundgren = Kristina Lundgren <kristina.lundgren@dwd.de>
achim.randelhoff = Achim Randelhoff <achim.randelhoff@zmaw.de>
peter.dueben = Peter Dueben <peter.dueben@zmaw.de>
levi.silvers = Levi Silvers <levi.silvers@zmaw.de>
dwd-ecmwf = DWD-ECMWF Pseudo-User <dwd@ecmwf>
jan.ackmann = Jan Ackmann <jan.ackmann@zmaw.de>
dmitrii.mironov = Dmitrii Mironov <dmitrii.mironov@dwd.de>
k202082 = Hendryk Bockelmann <bockelmann@dkrz.de>
stkoerne = Stefan Körner <Stefan.Koerner@dwd.de>
ebpbenke = Jörg Benkenstein <Joerg.Benkenstein@ebp.de>
ebpmurra = Ewald Murra <Ewald.Murra@ebp.de>
helmut.frank =  Helmut Frank <Helmut.Frank@dwd.de>
max.bangert =  Max Bangert <max.bangert@kit.edu>
josiane = Josiane Salameh <josiane.salameh@zmaw.de>
bastian.kern = Bastian Kern <Bastian.Kern@dlr.de>
slavko.brdar = Slavko Brdar <Slavko.Brdar@dwd.de>
daniel.rieger = Daniel Rieger <daniel.rieger@kit.edu>
daniel.klocke =  Daniel Klocke <daniel.klocke@dwd.de>
mirjana = Mirjana Sakradzija <mirjana.sakradzija@zmaw.de>
roland.potthast = Roland Potthast <Roland.Potthast@dwd.de>
carmen.koehler = Carmen Koehler <carmen.koehler@dwd.de>
wsawyer = William Sawyer <wsawyer@cscs.ch>
adamidis = Panagiotis Adamidis <adamidis@dkrz.de>
janja = Janja Nahrstaedt <janja.nahrstaedt@math.uni-hamburg.de>
k202077 = Moritz Hanke <hanke@dkrz.de>
inge.bischoff = Ingeborg Bischoff-Gauss <ingeborg.bischoff-gauss@kit.edu>
mukund.pondkule = Mukund Pondkule <Mukund.Pondkule@dwd.de>
vera.schemann = Vera Schemann <vera.schemann@zmaw.de>
